Shibuya,Ginza Line
Omotesando,Ginza Line
Gaiemmae,Ginza Line
Aoyama-Itchome,Ginza Line
Akasaka-Mitsuke,Ginza Line
Tameike-Sanno,Ginza Line
Toranomon,Ginza Line
Shimbashi,Ginza Line
Ginza,Ginza Line
Kyobashi,Ginza Line
Nihombashi,Ginza Line
Mitsukoshimae,Ginza Line
Kanda,Ginza Line
Suehirocho,Ginza Line
Ueno-Hirokoji,Ginza Line
Ueno,Ginza Line
Inaricho,Ginza Line
Tawaramachi,Ginza Line
Asakusa,Ginza Line
Ogikubo,Marunouchi Line
Minami-Asagaya,Marunouchi Line
Shin-Koenji,Marunouchi Line
Higashi-Koenji,Marunouchi Line
Shin-Nakano,Marunouchi Line
Nakano-Sakaue,Marunouchi Line
Nishi-Shinjuku,Marunouchi Line
Shinjuku,Marunouchi Line
Shinjuku-sanchome,Marunouchi Line
Shinjuku-gyoemmae,Marunouchi Line
Yotsuya-sanchome,Marunouchi Line
Yotsuya,Marunouchi Line
Akasaka-mitsuke,Marunouchi Line
Kokkai-gijido-mae,Marunouchi Line
Kasumigaseki,Marunouchi Line
Ginza,Marunouchi Line
Tokyo,Marunouchi Line
Otemachi,Marunouchi Line
Awajicho,Marunouchi Line
Ochanomizu,Marunouchi Line
Hongo-sanchome,Marunouchi Line
Korakuen,Marunouchi Line
Myogadani,Marunouchi Line
Shin-otsuka,Marunouchi Line
Ikebukuro,Marunouchi Line
Naka-Meguro,Hibiya Line
Ebisu,Hibiya Line
Hiroo,Hibiya Line
Roppongi,Hibiya Line
Kamiyacho,Hibiya Line
Kasumigaseki,Hibiya Line
Hibiya,Hibiya Line
Ginza,Hibiya Line
Higashi-ginza,Hibiya Line
Tsukiji,Hibiya Line
Hatchobori,Hibiya Line
Kayabacho,Hibiya Line
Ningyocho,Hibiya Line
Kodemmacho,Hibiya Line
Akihabara,Hibiya Line
Naka-Okachimachi,Hibiya Line
Ueno,Hibiya Line
Iriya,Hibiya Line
Minowa,Hibiya Line
Minami-Senju,Hibiya Line
Kita-Senju,Hibiya Line
Nakano,Tozai Line
Ochiai,Tozai Line
Takadanobaba,Tozai Line
Waseda,Tozai Line
Kagurazaka,Tozai Line
Iidabashi,Tozai Line
Kudanshita,Tozai Line
Takebashi,Tozai Line
Otemachi,Tozai Line
Nihombashi,Tozai Line
Kayabacho,Tozai Line
Monzen-Nakacho,Tozai Line
Kiba,Tozai Line
Toyocho,Tozai Line
Minami-Sunamachi,Tozai Line
Nishi-Kasai,Tozai Line
Kasai,Tozai Line
Urayasu,Tozai Line
Minami-Gyotoku,Tozai Line
Gyotoku,Tozai Line
Myoden,Tozai Line
Baraki-Nakayama,Tozai Line
Nishi-Funabashi,Tozai Line
Yoyogi-Uehara,Chiyoda Line
Yoyogi-Koen,Chiyoda Line
Meiji-Jingumae (Harajuku),Chiyoda Line
Omotesando,Chiyoda Line
Nogizaka,Chiyoda Line
Akasaka,Chiyoda Line
Kokkai-Gijido-mae,Chiyoda Line
Kasumigaseki,Chiyoda Line
Hibiya,Chiyoda Line
Nijubashimae,Chiyoda Line
Otemachi,Chiyoda Line
Shin-Ochanomizu,Chiyoda Line
Yushima,Chiyoda Line
Nezu,Chiyoda Line
Sendagi,Chiyoda Line
Nishi-Nippori,Chiyoda Line
Machiya,Chiyoda Line
Kita-Senju,Chiyoda Line
Ayase,Chiyoda Line
Wakoshi,Yurakucho Line
Chikatetsu-Narimasu,Yurakucho Line
Chikatetsu-Akatsuka,Yurakucho Line
Heiwadai,Yurakucho Line
Hikawadai,Yurakucho Line
Kotake-Mukaihara,Yurakucho Line
Senkawa,Yurakucho Line
Kanamecho,Yurakucho Line
Ikebukuro,Yurakucho Line
Higashi-Ikebukuro,Yurakucho Line
Gokokuji,Yurakucho Line
Edogawabashi,Yurakucho Line
Iidabashi,Yurakucho Line
Ichigaya,Yurakucho Line
Kojimachi,Yurakucho Line
Nagatacho,Yurakucho Line
Sakuradamon,Yurakucho Line
Yurakucho,Yurakucho Line
Ginza-itchome,Yurakucho Line
Shintomicho,Yurakucho Line
Tsukishima,Yurakucho Line
Toyosu,Yurakucho Line
Tatsumi,Yurakucho Line
Shin-Kiba,Yurakucho Line
Shibuya,Hanzomon Line
Omotesando,Hanzomon Line
Aoyama-itchome,Hanzomon Line
Nagatacho,Hanzomon Line
Hanzomon,Hanzomon Line
Kudanshita,Hanzomon Line
Jimbocho,Hanzomon Line
Otemachi,Hanzomon Line
Mitsukoshimae,Hanzomon Line
Suitengumae,Hanzomon Line
Kiyosumi-shirakawa,Hanzomon Line
Sumiyoshi,Hanzomon Line
Kinshicho,Hanzomon Line
Oshiage,Hanzomon Line
Meguro,Namboku Line
Shirokanedai,Namboku Line
Shirokane-Takanawa,Namboku Line
Azabu-Juban,Namboku Line
Roppongi-Itchome,Namboku Line
Tameike-Sanno,Namboku Line
Nagatacho,Namboku Line
Yotsuya,Namboku Line
Ichigaya,Namboku Line
Iidabashi,Namboku Line
Korakuen,Namboku Line
Todaimae,Namboku Line
Hon-Komagome,Namboku Line
Komagome,Namboku Line
Nishigahara,Namboku Line
Oji,Namboku Line
Oji-Kamiya,Namboku Line
Shimo,Namboku Line
Akabane-Iwabuchi,Namboku Line
Wakoshi,Fukutoshin Line
Chikatetsu-Narimasu,Fukutoshin Line
Chikatetsu-Akatsuka,Fukutoshin Line
Heiwadai,Fukutoshin Line
Hikawadai,Fukutoshin Line
Kotake-Mukaihara,Fukutoshin Line
Senkawa,Fukutoshin Line
Kanamecho,Fukutoshin Line
Ikebukuro,Fukutoshin Line
Zoshigaya,Fukutoshin Line
Nishi-Waseda,Fukutoshin Line
Higashi-Shinjuku,Fukutoshin Line
Shinjuku-Sanchome,Fukutoshin Line
Kitasando,Fukutoshin Line
Meiji-Jingumae,Fukutoshin Line
Shibuya,Fukutoshin Line
Meguro,Mita
Shirokanedai,Mita
Shirokane-Takanawa,Mita
Mita,Mita
Shibakoen,Mita
Onarimon,Mita
Uchisaiwaicho,Mita
Hibiya,Mita
Otemachi,Mita
Jimbocho,Mita
Suidobashi,Mita
Kasuga,Mita
Hakusan,Mita
Sengoku,Mita
Sugamo,Mita
Nishi-Sugamo,Mita
Shin-Itabashi,Mita
Itabashi-Kuyakushomae,Mita
Itabashi-Honcho,Mita
Motohasunuma,Mita
Shimura-Sakaue,Mita
Shimura-sanchome,Mita
Hasune,Mita
Nishidai,Mita
Takashimadaira,Mita
Shin-Takashimadaira,Mita
Nishi-Takashimadaira,Mita
Shinjuku,Shinjuku
Shinjuku-sanchome,Shinjuku
Akebonobashi,Shinjuku
Ichigaya,Shinjuku
Kudanshita,Shinjuku
Jimbocho,Shinjuku
Ogawamachi,Shinjuku
Iwamotocho,Shinjuku
Bakuro-Yokoyama,Shinjuku
Hamacho,Shinjuku
Morishita,Shinjuku
Kikukawa,Shinjuku
Sumiyoshi,Shinjuku
Nishi-ojima,Shinjuku
Ojima,Shinjuku
Higashi-ojima,Shinjuku
Funabori,Shinjuku
Ichinoe,Shinjuku
Mizue,Shinjuku
Shinozaki,Shinjuku
Motoyawata,Shinjuku
Tochomae,Oedo
Shinjuku-Nishiguchi,Oedo
Higashi-Shinjuku,Oedo
Wakamatsu-Kawada,Oedo
Ushigome-Yanagicho,Oedo
Ushigome-Kagurazaka,Oedo
Iidabashi,Oedo
Kasuga,Oedo
Hongo-sanchome,Oedo
Ueno-Okachimachi,Oedo
Shin-Okachimachi,Oedo
Kuramae,Oedo
Ryogoku,Oedo
Morishita,Oedo
Kiyosumi-shirakawa,Oedo
Monzen-Nakacho,Oedo
Tsukishima,Oedo
Kachidoki,Oedo
Tsukijishijo,Oedo
Shiodome,Oedo
Daimon,Oedo
Akabanebashi,Oedo
Azabu-JÅ«ban,Oedo
Roppongi,Oedo
Aoyama-itchome,Oedo
Kokuritsu-Kyogijo,Oedo
Yoyogi,Oedo
Shinjuku,Oedo
Tochomae,Oedo
Nishi-Shinjuku-gochome,Oedo
Nakano-Sakaue,Oedo
Higashi Nakano,Oedo
Nakai,Oedo
Ochiai-Minami-Nagasaki,Oedo
Shin-Egota,Oedo
Nerima,Oedo
Toshimaen,Oedo
Nerima-Kasugacho,Oedo
Hikarigaoka,Oedo
Nishi-Magome,Asakusa
Magome,Asakusa
Nakanobu,Asakusa
Togoshi,Asakusa
Gotanda,Asakusa
Takanawadai,Asakusa
Sengakuji,Asakusa
Mita,Asakusa
Daimon,Asakusa
Shimbashi,Asakusa
Higashi-Ginza,Asakusa
Takaracho,Asakusa
Nihombashi,Asakusa
Ningyocho,Asakusa
Higashi-Nihombashi,Asakusa
Asakusabashi,Asakusa
Kuramae,Asakusa
Asakusa,Asakusa
Honjo-Azumabashi,Asakusa
Oshiage,Asakusa
Akasaka-mitsuke,P1
Nagatacho,P1
Tameike-Sanno,P2
Kokkai-Gijido-mae,P2
Ueno-Okachimachi,P3
Ueno-Hirokoji,P3
Naka-Okachimachi,P3
Awajicho,P4
Ogawamachi,P4
Shin-Ochanomizu,P4
Korakuen,P5
Kasuga,P5
Hibiya,P6
Yurakucho,P6
